num_samples,oracle_mean,oracle_std,stein_mean,stein_std,ssm_mean,ssm_std
2000,0.9990037471574722,0.0005705677456638,0.4097138703359562,0.1487248060965786,0.3580094227265527,0.1529604649372424
4000,0.9994804123239568,0.0001595558586552,0.4098130336261988,0.09790000066399748,0.4771898936308361,0.15620938956830177
6000,0.99952365916532,8.652543981612978e-05,0.471423930452268,0.17763872518422505,0.45036975460205914,0.14254635516857564
8000,0.999718305654205,5.910300862703806e-05,0.44176741449248846,0.14995713779264716,0.5008931762779849,0.18568132083973213
10000,0.999827032158816,5.38910281400447e-05,0.48595761046103114,0.23528670193347026,0.44039696404079215,0.2224968611585388
100000.0,0.999827032158816,5.38910281400447e-05,,,0.42973797039316297,0.11515004964471093
1000000.0,0.999827032158816,5.38910281400447e-05,,,0.4278864793219256,0.16865607235688096
